{"lambda_l1": 0.014353286456597142, "lambda_l2": 1.8797714715567863e-05, "learning_rate": 0.0074219704795943425, "max_depth": 5, "n_estimators": 8165, "feature_fraction": 0.7165888165225329, "bagging_fraction": 0.41679785470194425, "bagging_freq": 5, "num_leaves": 965, "min_child_samples": 94, "min_data_per_groups": 89}