{"lambda_l1": 6.871528067285909e-07, "lambda_l2": 0.6798439212587648, "learning_rate": 0.03808995553404628, "max_depth": 5, "n_estimators": 190253, "feature_fraction": 0.6468950800314082, "bagging_fraction": 0.5465658141914465, "bagging_freq": 3, "num_leaves": 983, "min_child_samples": 294, "min_data_per_groups": 3}