{"model_name": "xgboost", "metrics": {"AUC": 0.6570152168414614, "Accuracy": 0.615536862939139}}