{"model_name": "xgboost", "metrics": {"AUC": 0.6293465325110894, "Accuracy": 0.6100731112916328}}