{"num_round": 158, "learning_rate": 0.08506707667866731, "max_bin": 646, "max_depth": 1, "alpha": 7.058583359048895, "gamma": 10.447535150901066, "reg_lambda": 7.844336346450457, "colsample_bytree": 0.31668059887324596, "subsample": 0.9687448417669944, "min_child_weight": 3.345454586609151, "scale_pos_weight": 4}