{"num_round": 225, "learning_rate": 0.0014383484360380675, "max_bin": 93, "max_depth": 2, "alpha": 1.5909269394096626, "gamma": 6.494524249648368, "reg_lambda": 10.966526394671813, "colsample_bytree": 0.7691698858009105, "subsample": 0.488439406925157, "min_child_weight": 1.2188545704202447, "scale_pos_weight": 1}