{"lambda_l1": 1.2768010674144959e-05, "lambda_l2": 1.4348021897187528e-05, "learning_rate": 0.005106321504987119, "max_depth": 5, "n_estimators": 83201, "feature_fraction": 0.41074029310482396, "bagging_fraction": 0.40008800848510917, "bagging_freq": 1, "num_leaves": 514, "min_child_samples": 272, "min_data_per_groups": 49}